Student ID,Last Schl,Last Name,First Name,Gender,Parent/guardian,Primary Phone,Description_HL,Group Memberships?,POD GROUP
63,5,McNaught,Deanne,F,Deanne McNaught,606-973-0370,Spanish,ELD,
796,5,Wadelin,Gisella,F,Gisella Wadelin,519-424-5134,Spanish,ELD,
96445,3,Norcliffe,Yasmeen,F,Yasmeen Norcliffe,435-486-1476,French,,
7,3,Cromly,Fey,F,Fey Cromly,395-234-0285,Spanish,,
259,3,Kalkhoven,Lexy,F,Lexy Kalkhoven,841-763-6063,Mandarin,ELD,
5,0,Mawditt,Roseann,F,Roseann Mawditt,784-258-9189,Italian,ELD,
92,0,Spellworth,Denna,F,Denna Spellworth,922-966-6272,Mandarin,,
80,5,Callar,Jeralee,F,Jeralee Callar,719-445-8461,Spanish,,
34463,0,Lucas,Farlie,M,Farlie Lucas,935-191-5666,Spanish,,
279,3,Dryden,Michail,M,Michail Dryden,535-225-2636,Spanish,,
87,1,Dionisetti,Vidovic,M,Vidovic Dionisetti,349-760-2369,Mandarin,,
473,3,Dmiterko,Ardyth,F,Ardyth Dmiterko,464-342-5765,Spanish,ELD,
9,0,Fiddiman,Nappy,M,Nappy Fiddiman,480-591-2629,Spanish,,
131,3,Scotchmore,Erwin,M,Erwin Scotchmore,669-607-6326,Spanish,,
60049,1,Dalby,Wallache,M,Wallache Dalby,629-773-4745,French,,
5863,0,Pedler,Enoch,M,Enoch Pedler,981-560-4201,French,,
41586,1,Pendleton,Susannah,F,Susannah Pendleton,280-336-1564,Italian,,
307,5,Billingham,Penrod,M,Penrod Billingham,529-275-3033,Spanish,ELD,
18855,5,Bridgland,Janene,F,Janene Bridgland,822-768-7455,French,ELD,
28,5,Cary,Zach,M,Zach Cary,587-240-2198,Spanish,,
708,3,Binion,Imelda,F,Imelda Binion,503-182-5180,Spanish,,
345,3,Redfearn,Melloney,F,Melloney Redfearn,178-474-3308,French,,
8477,1,Dufaur,Gwenny,F,Gwenny Dufaur,656-107-2150,Mandarin,,
715,1,McKeighan,Benn,M,Benn McKeighan,355-539-2817,French,,
6,0,D'Orsay,Phil,F,Phil D'Orsay,811-996-8678,Spanish,,
29,0,Rayer,Gard,M,Gard Rayer,714-339-4415,Spanish,,
4081,0,Eastes,Darby,F,Darby Eastes,852-667-9016,Spanish,,
153,0,Mc Meekin,Hamilton,M,Hamilton Mc Meekin,365-246-9584,Spanish,,
586,1,Braunroth,Byrann,M,Byrann Braunroth,811-516-4235,Italian,,
9,5,Krienke,Sammy,M,Sammy Krienke,296-289-8128,French,,
8,1,Girke,Rog,M,Rog Girke,668-255-6809,Mandarin,,
3,5,Beausang,Claiborne,M,Claiborne Beausang,551-228-9266,Spanish,,
5,1,Hearle,Rickey,M,Rickey Hearle,562-272-9827,Spanish,,
59,5,Ayree,Arnoldo,M,Arnoldo Ayree,500-713-2159,Italian,,
46919,3,Laden,Darleen,F,Darleen Laden,394-162-7547,Spanish,,
4092,1,Barwick,Marcy,F,Marcy Barwick,694-533-8339,Mandarin,,
747,5,Billyard,Randell,M,Randell Billyard,295-590-0287,Spanish,ELD,
1,1,Dressel,Olivette,F,Olivette Dressel,161-653-2650,French,,
5,0,Badsey,Reinwald,M,Reinwald Badsey,958-189-6706,Spanish,ELD,
4,0,Marval,Milicent,F,Milicent Marval,183-931-1809,French,,
6531,3,McGillecole,Florina,F,Florina McGillecole,426-486-2337,Spanish,,
79,1,Campion,Henka,F,Henka Campion,266-148-0968,Spanish,,
7258,1,Bumford,Hobey,M,Hobey Bumford,651-509-0865,Spanish,,
7,3,Kerr,Miner,M,Miner Kerr,424-412-4121,Mandarin,,
37596,5,Petrillo,Gardie,M,Gardie Petrillo,129-588-8103,Spanish,,
84,5,Rubes,Konstantin,M,Konstantin Rubes,345-268-2873,Spanish,,
3,5,Bentote,Ellerey,M,Ellerey Bentote,783-848-6259,Mandarin,,
82,3,Dansey,Alvin,M,Alvin Dansey,666-497-7187,Spanish,,
3696,0,Rymell,Yehudi,M,Yehudi Rymell,124-506-0603,Spanish,,
3,0,Robbings,Jeffie,M,Jeffie Robbings,460-342-6200,French,,
14508,0,Bruckmann,Fritz,M,Fritz Bruckmann,606-425-0239,Spanish,,
250,3,Joules,Rosemaria,F,Rosemaria Joules,791-114-6627,Mandarin,,
52,3,Cutsforth,Lisle,M,Lisle Cutsforth,979-911-0657,Spanish,,
79653,3,Gibbeson,Hollyanne,F,Hollyanne Gibbeson,817-889-6444,Spanish,,
7,3,Zucker,Teresita,F,Teresita Zucker,938-570-7812,Spanish,ELD,
94519,3,Oldland,Benton,M,Benton Oldland,479-438-9144,Spanish,ELD,
817,3,Digges,Rosaline,F,Rosaline Digges,396-152-3566,Spanish,,
7536,0,Sleeny,Margette,F,Margette Sleeny,179-977-3674,French,,
38575,1,Chidler,See,M,See Chidler,255-908-6223,Mandarin,,
75,0,Ipwell,Cristine,F,Cristine Ipwell,962-133-4357,Spanish,,
213,3,Lamar,Joli,F,Joli Lamar,108-887-6524,Spanish,,
0,3,Dunseith,Coralie,F,Coralie Dunseith,169-934-5870,Mandarin,ELD,
9314,5,Peterken,Aloysius,M,Aloysius Peterken,913-200-1893,Spanish,ELD,
6,5,Pittle,Hamish,M,Hamish Pittle,573-658-0818,Spanish,,
7,3,Burd,Toddie,M,Toddie Burd,345-554-1581,Spanish,,
507,0,Denk,Andrus,M,Andrus Denk,740-557-0768,French,,
7074,5,Linsley,Hyacinthe,F,Hyacinthe Linsley,975-297-5471,Spanish,,
20555,0,Eby,Herbie,M,Herbie Eby,232-911-4542,Spanish,,
636,3,Enterlein,Price,M,Price Enterlein,477-576-8547,French,ELD,
5,3,Andreassen,Sibeal,F,Sibeal Andreassen,905-316-2757,French,ELD,
46729,1,Tollit,Carolin,F,Carolin Tollit,910-563-2924,French,,
58,1,Pencott,Riki,F,Riki Pencott,534-714-9668,Italian,,
778,0,Hawkswell,Vladimir,M,Vladimir Hawkswell,809-737-6619,French,,
881,0,Sighard,Tammy,F,Tammy Sighard,661-283-6567,French,ELD,
1,5,Van Saltsberg,Goldi,F,Goldi Van Saltsberg,446-157-7411,Spanish,,
4216,0,Nicholl,Ailee,F,Ailee Nicholl,471-732-7492,Spanish,,
12063,0,MacAnelley,Simone,F,Simone MacAnelley,689-666-8136,Mandarin,ELD,
1,3,Leathers,Lissy,F,Lissy Leathers,150-233-2937,French,ELD,
525,0,Faint,Holden,M,Holden Faint,608-775-2634,French,ELD,
7,1,Konrad,Nowell,M,Nowell Konrad,226-374-4787,Spanish,,
1,3,Hlavac,Simonette,F,Simonette Hlavac,328-938-3847,Spanish,,
96538,1,Bucke,Mickey,M,Mickey Bucke,822-314-2341,Mandarin,ELD,
520,5,Lamperti,Darsey,F,Darsey Lamperti,897-203-9925,French,,
194,1,Treleaven,Gwynne,F,Gwynne Treleaven,859-370-2756,Spanish,,
10008,1,Towson,Bevan,M,Bevan Towson,710-130-8006,Spanish,,
2,1,Twiname,Filberto,M,Filberto Twiname,497-389-7972,French,,
1,5,Finlason,Carmen,F,Carmen Finlason,978-695-8715,Mandarin,,
86839,0,Chessor,Bogart,M,Bogart Chessor,451-276-3611,Italian,,
8,0,Phebey,Eilis,F,Eilis Phebey,327-311-3069,Mandarin,,
603,0,Leatherborrow,Heriberto,M,Heriberto Leatherborrow,133-772-4658,Italian,,
60514,1,Lodwig,Morly,M,Morly Lodwig,928-884-4522,Spanish,,
772,0,Seiler,Steven,M,Steven Seiler,972-555-1021,French,ELD,
1509,0,Habard,Hadley,M,Hadley Habard,218-165-2336,Spanish,,
3531,1,Catonne,Kattie,F,Kattie Catonne,351-567-5709,Italian,,
73403,0,Jeppensen,Dietrich,M,Dietrich Jeppensen,503-468-4863,French,,
3,5,Bowgen,Angy,F,Angy Bowgen,848-415-8159,French,ELD,
2885,1,Stewartson,Karleen,F,Karleen Stewartson,144-927-0615,Spanish,,
16,3,Bodesson,Natale,M,Natale Bodesson,220-353-2068,Italian,,
74560,0,Lenthall,Neille,F,Neille Lenthall,730-112-7591,Spanish,ELD,
0,0,Ceccoli,Jerrold,M,Jerrold Ceccoli,151-326-7612,French,,
8,5,Skokoe,Faina,F,Faina Skokoe,839-653-7423,Spanish,,
45616,5,Defau,Rickert,M,Rickert Defau,140-771-2846,Mandarin,,
6640,3,Bresner,Ardella,F,Ardella Bresner,723-356-9944,French,ELD,
76628,0,Coraini,Sisile,F,Sisile Coraini,585-267-5440,French,,
424,1,Magrane,Walliw,F,Walliw Magrane,121-935-2646,Mandarin,,
778,5,Purle,Cinderella,F,Cinderella Purle,690-935-0472,Spanish,,
77189,5,Martinon,Shellysheldon,M,Shellysheldon Martinon,294-455-1693,Mandarin,,
6,5,Wardel,Montgomery,M,Montgomery Wardel,719-119-7337,Spanish,,
86,1,Baffin,Cornelia,F,Cornelia Baffin,163-774-5719,Mandarin,,
0,1,Noddings,Ethel,F,Ethel Noddings,865-400-2863,French,,
44503,1,Benech,Teri,F,Teri Benech,620-179-7247,Spanish,,
72,1,Georgeau,Rois,F,Rois Georgeau,387-942-4660,Spanish,,
22,1,Skalls,Antonetta,F,Antonetta Skalls,652-175-0820,Spanish,ELD,
902,5,Stollmeier,Rita,F,Rita Stollmeier,507-326-7554,Spanish,ELD,
007,0,Gorke,Francklyn,M,Francklyn Gorke,119-252-6219,Spanish,ELD,
2371,3,Arrighi,Wolfie,M,Wolfie Arrighi,376-354-9444,Spanish,ELD,
4201,5,Challicombe,Efrem,M,Efrem Challicombe,685-239-5902,Spanish,ELD,
64,1,Varah,Timoteo,M,Timoteo Varah,886-946-9046,Spanish,ELD,
2767,1,Eary,Cordell,M,Cordell Eary,922-215-1967,Spanish,ELD,
19559,3,Edgerly,Jakob,M,Jakob Edgerly,574-653-6369,Spanish,ELD,
09,5,Priter,Gretal,F,Gretal Priter,628-383-3835,Spanish,ELD,
778,5,Tulip,Quentin,M,Quentin Tulip,114-592-9074,Spanish,ELD,
7028,1,Whinney,Trueman,M,Trueman Whinney,297-410-8918,Spanish,ELD,
335,0,Rowsell,Gusta,F,Gusta Rowsell,369-766-0674,Spanish,ELD,
71,3,Molian,Costanza,F,Costanza Molian,577-180-5897,Spanish,ELD,
7,3,Sidery,Danica,F,Danica Sidery,930-176-0126,Spanish,,
6,3,Dawidowicz,Fanchette,F,Fanchette Dawidowicz,728-470-6798,Mandarin,,
647,1,Berendsen,Annissa,F,Annissa Berendsen,918-509-1466,Spanish,,
5000,5,Tame,Bunny,F,Bunny Tame,175-955-4758,Spanish,ELD,
158,3,Pietraszek,Carl,M,Carl Pietraszek,730-952-4891,Spanish,,
8,1,Siflet,Vasili,M,Vasili Siflet,514-330-7964,French,,
96969,5,Romaines,Trudie,F,Trudie Romaines,889-486-5912,Mandarin,,
18,1,Venus,Filippa,F,Filippa Venus,748-347-0508,Mandarin,,
948,1,Geffinger,Danya,F,Danya Geffinger,503-585-4977,French,,
53,3,Nequest,Sydney,F,Sydney Nequest,378-134-5330,Spanish,,
857,5,Bartkiewicz,Lauri,F,Lauri Bartkiewicz,391-359-1324,French,ELD,
32521,0,Rabjohn,Thorin,M,Thorin Rabjohn,303-276-7735,Italian,ELD,
2145,0,Sullivan,Drusi,F,Drusi Sullivan,246-119-6222,Italian,,
202,3,Rimour,Orton,M,Orton Rimour,129-361-1030,Spanish,ELD,
593,5,Gumbley,Sibbie,F,Sibbie Gumbley,895-378-7384,Spanish,,
29075,3,Klimpt,Aura,F,Aura Klimpt,370-299-0593,Mandarin,,
4,0,Helm,Finn,M,Finn Helm,606-899-4156,Spanish,,
47,0,Joseph,Penn,M,Penn Joseph,351-660-3434,Mandarin,ELD,
45946,3,Kearford,Giacopo,M,Giacopo Kearford,510-289-9566,Italian,,
21,5,Shepeard,Jonie,F,Jonie Shepeard,296-494-4343,Spanish,,
368,5,Pedrazzi,Gwenore,F,Gwenore Pedrazzi,410-942-1063,Spanish,,
9366,0,Ubsdale,Dagmar,F,Dagmar Ubsdale,781-325-5035,Spanish,,
9,5,Manshaw,Carena,F,Carena Manshaw,151-145-8561,French,,
643,5,Southcomb,Heriberto,M,Heriberto Southcomb,507-279-5601,Spanish,,
383,0,Olohan,Lorenza,F,Lorenza Olohan,411-624-8946,Mandarin,ELD,
3963,0,Covert,Blake,F,Blake Covert,844-880-9306,French,,
41,1,Butcher,Delphine,F,Delphine Butcher,402-567-0294,French,,
2921,3,Risbrough,Brett,M,Brett Risbrough,510-685-1978,French,,
3,3,Murden,Archambault,M,Archambault Murden,306-800-7381,Spanish,,
2,1,Kropp,Eddi,F,Eddi Kropp,119-146-4832,French,,
9463,3,Plett,Alex,M,Alex Plett,671-291-9036,Spanish,,
87,5,Sansam,Edwin,M,Edwin Sansam,829-392-1921,Mandarin,,
29134,3,Radin,Jase,M,Jase Radin,725-862-5497,Spanish,ELD,
459,3,Dickenson,Goraud,M,Goraud Dickenson,285-242-8812,Spanish,ELD,
25937,3,Loffel,Alvira,F,Alvira Loffel,103-145-2388,Spanish,ELD,
71724,5,Hugonneau,Emmalee,F,Emmalee Hugonneau,585-728-9139,Spanish,ELD,
3,1,Dessaur,Teodorico,M,Teodorico Dessaur,969-700-9051,Spanish,ELD,
5,0,Whymark,Lindy,F,Lindy Whymark,519-567-9664,Spanish,ELD,
011,0,Arnli,Ashley,M,Ashley Arnli,953-560-6052,Spanish,ELD,
5,1,Gallienne,Karine,F,Karine Gallienne,201-816-5591,Spanish,ELD,
16,3,Windas,Beatrix,F,Beatrix Windas,118-859-2667,Spanish,ELD,
46,1,Sharratt,Marcelle,F,Marcelle Sharratt,554-634-0088,Spanish,ELD,
07123,1,Sleite,Tallulah,F,Tallulah Sleite,607-626-4145,Spanish,ELD,
19552,5,Figge,Arnaldo,M,Arnaldo Figge,715-943-1854,Spanish,ELD,
994,5,Poleykett,Baxie,M,Baxie Poleykett,995-598-2505,Spanish,ELD,
7,5,Cornels,Leticia,F,Leticia Cornels,675-754-7023,Spanish,ELD,
381,1,Cluely,Chrissie,F,Chrissie Cluely,777-593-3158,Spanish,ELD,
0,0,Cobb,Milton,M,Milton Cobb,404-255-8243,Spanish,ELD,
8091,0,Crannage,Kerrie,F,Kerrie Crannage,406-786-5148,Spanish,ELD,
50169,1,Pegrum,Rhoda,F,Rhoda Pegrum,967-268-3777,Spanish,ELD,
688,1,Lehr,Julissa,F,Julissa Lehr,203-675-2944,Spanish,ELD,
167,1,Frodsham,Lorin,M,Lorin Frodsham,874-157-4404,Spanish,ELD,
6474,1,Kraft,Chucho,M,Chucho Kraft,585-127-4976,Spanish,ELD,
155,1,Culham,Melisande,F,Melisande Culham,694-813-8500,Spanish,ELD,
235,5,Shade,Flora,F,Flora Shade,599-805-9561,Spanish,ELD,
9,1,Marusik,Edlin,M,Edlin Marusik,632-504-7948,French,,
257,3,McKennan,Annadiana,F,Annadiana McKennan,606-905-2479,Spanish,,
13206,5,Streight,Roberta,F,Roberta Streight,543-709-0033,Spanish,,
491,5,Moroney,Illa,F,Illa Moroney,841-865-4961,Spanish,,
3744,5,Chittenden,Hoebart,M,Hoebart Chittenden,658-349-0920,Mandarin,ELD,
51442,5,Coote,Vinnie,M,Vinnie Coote,838-752-1580,Spanish,,
93,5,Fookes,Naoma,F,Naoma Fookes,924-619-1960,Spanish,,
3721,3,Ivie,Evangelina,F,Evangelina Ivie,548-996-2981,Spanish,,
0,3,Hulance,Roslyn,F,Roslyn Hulance,163-274-8352,Italian,ELD,
3,5,Devenny,Hilly,M,Hilly Devenny,597-546-0544,Spanish,ELD,
16,0,Braithwaite,Gideon,M,Gideon Braithwaite,145-706-6242,Spanish,,
50,5,Adame,Siffre,M,Siffre Adame,771-684-9926,Spanish,,
9326,5,Mennear,Gusti,F,Gusti Mennear,164-729-1099,French,,
72,5,Dall,Creight,M,Creight Dall,492-449-6165,Spanish,ELD,
25,0,La Grange,Germayne,M,Germayne La Grange,441-865-4067,Italian,ELD,
864,1,Poole,Blayne,M,Blayne Poole,368-428-0389,Spanish,,
22,3,Ludman,Renato,M,Renato Ludman,441-243-0456,Mandarin,ELD,
8,3,Marsden,Barnebas,M,Barnebas Marsden,797-581-0190,Mandarin,,
7772,0,Peart,Joane,F,Joane Peart,690-841-0064,Spanish,,
2,1,Yoakley,Gay,F,Gay Yoakley,966-294-8621,French,,
641,5,Reglar,Beniamino,M,Beniamino Reglar,219-716-0102,Italian,,
3043,1,Pennycook,Chas,M,Chas Pennycook,226-572-9962,Italian,,
4,5,Wike,Jon,M,Jon Wike,154-349-8595,Mandarin,,
4865,1,Dunnet,Kenyon,M,Kenyon Dunnet,792-174-9783,Italian,ELD,
1,0,Morritt,Wolfie,M,Wolfie Morritt,749-693-3819,Spanish,,
3,5,Kelbie,Jarrett,M,Jarrett Kelbie,995-208-7619,French,,
5581,0,Andreolli,Giacomo,M,Giacomo Andreolli,902-976-6407,Spanish,ELD,
3,1,Mulvagh,Linn,M,Linn Mulvagh,279-131-1463,Mandarin,,
8593,0,Caroll,Rosabella,F,Rosabella Caroll,325-917-5623,Spanish,,
8,0,Ragge,Stanly,M,Stanly Ragge,544-948-5162,Mandarin,,
36,1,Gianolo,Peder,M,Peder Gianolo,977-473-5424,Italian,,
11784,1,Whardley,Vinnie,F,Vinnie Whardley,812-978-3532,French,,
67,1,Maskell,Albie,M,Albie Maskell,315-824-1016,Spanish,,
821,1,Giral,Tyrus,M,Tyrus Giral,759-473-8234,Spanish,,
7140,5,MacTrusty,Tomasine,F,Tomasine MacTrusty,697-370-9966,Spanish,ELD,
5186,3,Lung,Lynette,F,Lynette Lung,269-935-4546,Mandarin,,
221,5,Shevell,Dara,F,Dara Shevell,295-261-5165,French,,
2079,0,ducarme,Vassili,M,Vassili ducarme,594-610-2823,Mandarin,ELD,
6,5,Clipston,Sallyanne,F,Sallyanne Clipston,862-682-7011,French,,
20,1,Cossell,Corby,M,Corby Cossell,886-845-0062,Spanish,,
73,1,Hacaud,Aili,F,Aili Hacaud,277-192-1956,Spanish,,
6,1,Acaster,Janot,F,Janot Acaster,739-455-8092,Spanish,,
40576,0,Farnish,Emory,M,Emory Farnish,817-740-7105,French,,
382,0,Floch,Toma,F,Toma Floch,600-217-7570,French,ELD,
286,0,Sircombe,Hercules,M,Hercules Sircombe,838-175-8706,Spanish,,
83,5,Gullam,Emelyne,F,Emelyne Gullam,153-181-9914,Spanish,,
8,3,Ciobutaru,Sutherlan,M,Sutherlan Ciobutaru,438-274-8172,Mandarin,,
408,5,Robbie,Dale,M,Dale Robbie,218-206-5264,Mandarin,,
4219,3,Hagart,Shepperd,M,Shepperd Hagart,141-386-8308,Spanish,,
55,3,Baiyle,Carmella,F,Carmella Baiyle,991-922-3068,French,,
85943,5,Jaquemar,Chris,M,Chris Jaquemar,966-194-3568,Spanish,,
93,5,Halksworth,Bria,F,Bria Halksworth,183-728-7987,Spanish,,
330,1,Ricardon,Leonhard,M,Leonhard Ricardon,325-918-5666,Mandarin,ELD,
0,0,Vasilyev,Bellina,F,Bellina Vasilyev,759-580-5842,Mandarin,,
8713,0,Daft,Suzy,F,Suzy Daft,655-969-0300,Mandarin,,
42,5,Pindred,Simonne,F,Simonne Pindred,741-429-8733,English,,
783,5,McReynolds,Saraann,F,Saraann McReynolds,352-799-7977,English,,
60,3,Pancoast,Jaclin,F,Jaclin Pancoast,640-214-0413,English,,
412,0,Brewett,Maryanne,F,Maryanne Brewett,303-816-4450,English,,
88,0,Ballston,Vickie,F,Vickie Ballston,831-104-9752,English,,
20224,1,Drewe,Rob,M,Rob Drewe,239-834-4093,English,,
18020,5,Emanuele,Parker,M,Parker Emanuele,889-496-9300,English,,
86045,0,Barukh,Paco,M,Paco Barukh,530-335-3781,English,,
3897,0,Tremmel,Duncan,M,Duncan Tremmel,599-152-6409,English,,
555,5,Yanshin,Wake,M,Wake Yanshin,813-748-3353,English,,
195,3,Peetermann,Toddie,M,Toddie Peetermann,190-824-3001,English,,
636,1,Housiaux,Margaux,F,Margaux Housiaux,551-771-0498,English,,
1699,0,Revell,Wendall,M,Wendall Revell,577-682-1974,English,,
1,1,Castillou,Merell,M,Merell Castillou,569-133-8284,English,,
7206,1,Beretta,Paulita,F,Paulita Beretta,554-297-9159,English,,
5148,3,Euplate,Kris,F,Kris Euplate,980-252-8149,English,,
68039,5,Coupar,Guthrie,M,Guthrie Coupar,811-260-1349,English,,
42,0,Guess,Tybie,F,Tybie Guess,997-336-7308,English,,
1450,5,Graves,Karyn,F,Karyn Graves,251-383-5590,English,,
7,0,Bastie,Evyn,M,Evyn Bastie,629-251-0374,English,,
0,3,Gyurko,Ludovika,F,Ludovika Gyurko,534-493-3925,English,,
235,5,Ambrus,Gertrud,F,Gertrud Ambrus,294-594-7415,English,,
61,0,Goodisson,Kacey,F,Kacey Goodisson,620-440-2082,English,,
795,0,Hurle,Barn,M,Barn Hurle,191-482-8896,English,,
6455,1,Yackiminie,Trumaine,M,Trumaine Yackiminie,571-879-5890,English,,
0,5,Dayborne,Morrie,M,Morrie Dayborne,397-273-4911,English,,
2371,3,Arrighi,Wolfie,M,Wolfie Arrighi,376-354-9444,Spanish,ELD,
40,5,Garaway,Goddard,M,Goddard Garaway,380-415-3177,English,,
24,0,Gerrans,Mufinella,F,Mufinella Gerrans,932-223-2210,English,,
30,1,Kruger,Saunder,M,Saunder Kruger,302-765-3866,English,,
65522,3,Caldera,Diarmid,M,Diarmid Caldera,506-273-8175,English,,
4613,3,Cuffin,Hans,M,Hans Cuffin,180-477-8992,English,,
55,1,Baile,Sheffy,M,Sheffy Baile,924-856-6030,English,,
32773,0,Sheaf,Bruis,M,Bruis Sheaf,504-172-1702,English,,
45705,3,Woodbridge,Webb,M,Webb Woodbridge,473-216-8304,English,,
27,1,Basilone,Dominica,F,Dominica Basilone,695-546-6352,English,,
4,0,Vairow,Vincents,M,Vincents Vairow,214-408-1696,English,,
89,1,Gavrielli,Letta,F,Letta Gavrielli,400-926-1559,English,,
95,0,Lismore,Jacky,F,Jacky Lismore,705-870-1720,English,,
19,0,Proven,Claresta,F,Claresta Proven,231-850-6711,English,,
92301,1,Dallan,Renie,F,Renie Dallan,915-747-3996,English,,
1,1,Lapenna,Sileas,F,Sileas Lapenna,902-193-5800,English,,
2,1,Wadelin,Waring,M,Waring Wadelin,711-724-8688,English,,
289,0,Casajuana,Mellisa,F,Mellisa Casajuana,542-335-9750,English,,
1803,3,Kiossel,Eben,M,Eben Kiossel,817-525-0086,English,,
75896,1,Bateson,Bonnibelle,F,Bonnibelle Bateson,379-413-0431,English,,
6092,3,Tangye,Parnell,M,Parnell Tangye,433-521-1623,English,,
9,5,Ginner,Abel,M,Abel Ginner,127-288-2090,English,,
9720,0,Marder,Rafaellle,M,Rafaellle Marder,352-305-7348,English,,
8,0,Branch,Merna,F,Merna Branch,200-622-1737,English,,
7456,0,Saffle,Dominique,F,Dominique Saffle,268-215-8758,English,,
58,0,Wenban,Graeme,M,Graeme Wenban,155-330-8811,English,,
32093,0,Cossum,Yoko,F,Yoko Cossum,876-948-5526,English,,
95465,5,Gummoe,Tabina,F,Tabina Gummoe,468-995-0884,English,,
51399,0,MacCulloch,Xavier,M,Xavier MacCulloch,825-520-5556,English,,
76,0,Peret,Tabby,F,Tabby Peret,716-570-7267,English,,
7,1,Luparti,Cody,M,Cody Luparti,172-799-1226,English,,
78227,5,Hallitt,Jules,M,Jules Hallitt,116-598-8438,English,,
852,3,Izkovitz,Beverlee,F,Beverlee Izkovitz,208-581-7105,English,,
9398,1,Ringham,Daffy,F,Daffy Ringham,181-106-2403,English,,
61,1,Kemery,Vania,F,Vania Kemery,841-398-7717,English,,
658,1,Trillo,Leila,F,Leila Trillo,558-236-6791,English,,
4,1,Willman,Phillipp,M,Phillipp Willman,864-258-4709,English,,
110,0,Stonestreet,Hollis,M,Hollis Stonestreet,529-246-2740,English,,
40403,0,Ranby,Haslett,M,Haslett Ranby,258-763-6558,English,,
1590,5,Hoodless,Aloysia,F,Aloysia Hoodless,608-275-7267,English,,
96595,5,Swatman,Julianna,F,Julianna Swatman,373-902-6614,English,,
43154,5,Yushachkov,Marietta,M,Marietta Yushachkov,712-774-0959,English,,
5052,3,Dyble,Bear,M,Bear Dyble,386-122-3272,English,,
9,3,Van Halen,Rhodie,F,Rhodie Van Halen,202-896-4538,English,,
2706,1,Sidnell,Laurens,M,Laurens Sidnell,384-406-8856,English,,
895,3,Oxtiby,Dionysus,M,Dionysus Oxtiby,970-613-6058,English,,
8194,1,Rabbet,Jonathan,M,Jonathan Rabbet,148-943-5624,English,,
52,0,Swayte,Gill,F,Gill Swayte,503-690-5044,English,,
1198,0,Filippi,Asia,F,Asia Filippi,762-414-5567,English,,
30,3,Pawlaczyk,Silvanus,M,Silvanus Pawlaczyk,722-766-3297,English,,
5,0,Barrack,Kizzee,F,Kizzee Barrack,126-458-7259,English,,
68,0,Wehnerr,Jaymie,M,Jaymie Wehnerr,250-380-8955,English,,
9825,0,Rubega,Misti,F,Misti Rubega,852-661-5627,English,,
505,1,Gadault,Abramo,M,Abramo Gadault,336-733-0337,English,,
777,3,Blonfield,Carlee,F,Carlee Blonfield,921-800-6053,English,,
5714,5,McMurthy,Burg,M,Burg McMurthy,387-135-3732,English,,
0,5,Sargent,Emelen,M,Emelen Sargent,131-612-1415,English,,
91,1,Eastbury,Jeri,F,Jeri Eastbury,520-487-3502,English,,
1,1,Brimman,Geri,F,Geri Brimman,649-565-1229,English,,
6297,5,Tomini,Christos,M,Christos Tomini,813-697-5456,English,,
35,5,Danilovitch,Aeriela,F,Aeriela Danilovitch,510-267-9009,English,,
5,1,Paulsson,Aubert,M,Aubert Paulsson,804-888-5350,English,,
68,5,Scatchar,Selle,F,Selle Scatchar,575-387-9444,English,,
2824,1,Latey,Parnell,M,Parnell Latey,945-527-6260,English,,
6363,5,Alldis,Trixy,F,Trixy Alldis,156-562-6969,English,,
59070,3,Wabersich,Wilmar,M,Wilmar Wabersich,601-852-5231,English,,
5,3,Starbeck,Kissie,F,Kissie Starbeck,682-473-9338,English,,
7,5,Ginni,Tammie,F,Tammie Ginni,143-248-9759,English,,
2410,0,Corington,Dare,M,Dare Corington,910-861-5893,English,,
47630,1,McCormack,Ingeborg,F,Ingeborg McCormack,855-656-3050,English,,
780,5,Burtwell,Samara,F,Samara Burtwell,180-746-4281,English,,
1,5,Stanbro,Inesita,F,Inesita Stanbro,563-723-5460,English,,
7785,3,Malkie,Spense,M,Spense Malkie,864-417-9393,English,,
61,5,Eilhart,Chickie,F,Chickie Eilhart,953-256-5262,English,,
628,0,Arondel,Creight,M,Creight Arondel,178-559-9262,English,,
4555,0,Whettleton,Chaunce,M,Chaunce Whettleton,756-147-0306,English,,
200,0,Castellaccio,Sal,F,Sal Castellaccio,703-421-0802,English,,
593,3,Shervil,Melba,F,Melba Shervil,303-618-2840,English,,
9335,5,Hannah,Cari,F,Cari Hannah,255-566-4922,English,,
356,0,Jorg,Benjie,M,Benjie Jorg,123-634-7498,English,,
29338,0,Tuckey,Elias,M,Elias Tuckey,311-487-4150,English,,
60,0,Nerger,Shena,F,Shena Nerger,956-677-6355,English,,
2,1,Hazeldean,Julee,F,Julee Hazeldean,504-933-9100,English,,
286,0,Chelnam,Aryn,F,Aryn Chelnam,524-349-3923,English,,
35,1,Pilgram,Dix,F,Dix Pilgram,115-711-9614,English,,
8912,0,Sirl,Car,M,Car Sirl,129-263-8428,English,,
6849,3,Tiplady,Tiphanie,F,Tiphanie Tiplady,474-295-7272,English,,
82794,3,Bloy,Aurea,F,Aurea Bloy,719-843-2031,English,,
41,1,Arthur,Cynthie,F,Cynthie Arthur,295-489-8230,English,,
490,5,Eake,Robbie,F,Robbie Eake,753-663-5092,English,,
9954,0,Shapcote,Carita,F,Carita Shapcote,266-700-6746,English,,
28,0,Plomer,Benson,M,Benson Plomer,668-933-4737,English,,
7,5,Late,Alyse,F,Alyse Late,512-497-1033,English,,
524,1,Gymblett,Rustin,M,Rustin Gymblett,230-620-3864,English,,
8,1,Wittering,Brooks,F,Brooks Wittering,779-921-0117,English,,
256,1,Dobbings,Lanie,M,Lanie Dobbings,547-282-3651,English,,
42948,0,Hearns,Buckie,M,Buckie Hearns,884-565-1410,English,,
5,5,Churn,Ettore,M,Ettore Churn,135-179-1705,English,,
6938,0,Teall,Marice,F,Marice Teall,786-374-0070,English,,
1,5,McPhelimy,Hilliary,F,Hilliary McPhelimy,169-679-0587,English,,
3103,1,Macenzy,Jacklyn,F,Jacklyn Macenzy,597-784-9519,English,,
8883,1,Elton,Minor,M,Minor Elton,228-565-5133,English,,
2043,5,McGraith,Gallagher,M,Gallagher McGraith,826-954-5778,English,,
848,1,Wombwell,Rudyard,M,Rudyard Wombwell,546-273-8259,English,,
4967,0,Young,Pincas,M,Pincas Young,974-937-0348,English,,
64738,0,Squibbs,Odessa,F,Odessa Squibbs,780-790-8674,English,,
80,5,Huckfield,Karel,F,Karel Huckfield,665-845-0926,English,,
44738,0,Wroath,Genevieve,F,Genevieve Wroath,796-562-3761,English,,
728,5,MacAlpin,Cheryl,F,Cheryl MacAlpin,830-256-8133,English,,
55931,0,Pittway,Pauly,M,Pauly Pittway,985-682-8486,English,,
1928,0,Crump,Aime,F,Aime Crump,690-991-1476,English,,
561,3,Aspy,Annora,F,Annora Aspy,163-136-8293,English,,
8186,5,Ollivier,Celinka,F,Celinka Ollivier,647-740-6706,English,,
5,3,Roskam,Ewen,M,Ewen Roskam,888-882-5826,English,,
1,1,Littleton,Georgianna,F,Georgianna Littleton,721-182-8824,English,,
5890,1,Giddins,Dasi,F,Dasi Giddins,781-609-7162,English,,
24,3,Mucillo,Bernardina,F,Bernardina Mucillo,576-838-4824,English,,
80093,5,Petracco,Yurik,M,Yurik Petracco,182-750-0525,English,,
8196,0,Kingswood,Hildegarde,F,Hildegarde Kingswood,894-587-7617,English,,
1,0,Gascoyne,Conn,M,Conn Gascoyne,803-135-4067,English,,
8,5,Rominov,Morten,M,Morten Rominov,205-647-2827,English,,
4,1,Linsley,Barbra,F,Barbra Linsley,384-579-0939,English,,
7035,1,Sibray,Kelley,M,Kelley Sibray,700-659-9658,English,,
222,0,Budnik,Belicia,F,Belicia Budnik,318-295-8212,English,,
972,0,Paddington,Jarrod,M,Jarrod Paddington,836-529-5991,English,,
17,1,Awty,Bay,M,Bay Awty,649-243-9785,English,,
42,5,Tefft,Estella,F,Estella Tefft,850-766-2980,English,,
349,1,Rizzillo,Clotilda,F,Clotilda Rizzillo,986-537-6704,English,,
400,1,Scheffler,Fidelity,F,Fidelity Scheffler,881-104-9835,English,,
6895,1,Rosenfrucht,Valaria,F,Valaria Rosenfrucht,388-688-5124,English,,
62,5,Ventura,Munmro,M,Munmro Ventura,539-781-3692,English,,
311,1,Woodcraft,Richmond,M,Richmond Woodcraft,709-179-0076,English,,
9009,3,Wittleton,Kerwinn,M,Kerwinn Wittleton,813-886-2830,English,,
172,0,Plester,Cari,F,Cari Plester,982-472-0395,English,,
83418,0,Imison,Carri,F,Carri Imison,397-229-1035,English,,
0,3,Ivashinnikov,Charlot,F,Charlot Ivashinnikov,957-268-2990,English,,
6359,3,Wickstead,Suzann,F,Suzann Wickstead,631-535-8052,English,,
159,1,Hogben,Kizzie,F,Kizzie Hogben,530-276-7172,English,,
426,5,Germon,Emanuel,M,Emanuel Germon,947-462-7558,English,,
1288,3,Adlam,Ferd,M,Ferd Adlam,344-471-9444,English,,
79095,5,O'Lagene,Gay,F,Gay O'Lagene,965-834-5450,English,,
40,0,Lesly,Ebenezer,M,Ebenezer Lesly,410-681-5364,English,,
5097,5,Dearn,Kinny,M,Kinny Dearn,829-452-1717,English,,
43,1,Roblin,Arlan,M,Arlan Roblin,357-675-2978,English,,
0,0,Archdeckne,Flo,F,Flo Archdeckne,311-174-9900,English,,
81,0,Sywell,Peria,F,Peria Sywell,397-948-9622,English,,
4,3,Bland,Shellysheldon,M,Shellysheldon Bland,634-605-7072,English,,
18,3,Winckworth,Amelia,F,Amelia Winckworth,118-124-3608,English,,
392,3,Nicholas,Lila,F,Lila Nicholas,839-360-1523,English,,
0,0,Twiname,Rollins,M,Rollins Twiname,293-954-4739,English,,
1896,5,Escoffier,Parry,M,Parry Escoffier,984-965-1923,English,,
977,3,Oldacre,Rose,F,Rose Oldacre,865-839-8772,English,,
8,3,Snasdell,Charley,M,Charley Snasdell,126-889-3612,English,,
7838,5,Michelet,Kendall,M,Kendall Michelet,520-330-8111,English,,
5431,3,Corker,Ameline,F,Ameline Corker,987-947-4462,English,,
0,3,Viger,Bea,F,Bea Viger,996-266-9369,English,,
175,5,Bashford,Lorin,M,Lorin Bashford,324-603-7042,English,,
239,1,Frodsham,Gan,M,Gan Frodsham,314-174-7491,English,,
4807,5,Teal,Renault,M,Renault Teal,357-696-4442,English,,
49411,0,Hartington,Orlando,M,Orlando Hartington,790-907-5358,English,,
65082,1,Gilmour,Gabby,M,Gabby Gilmour,182-722-7773,English,,
0,3,Kitchingman,Lorettalorna,F,Lorettalorna Kitchingman,119-123-6175,English,,
5173,3,Riccelli,Valerie,F,Valerie Riccelli,193-218-5591,English,,
95238,5,MacKegg,Merissa,F,Merissa MacKegg,766-846-9361,English,,
67095,0,Silburn,Gerianna,F,Gerianna Silburn,908-662-2794,English,,
855,0,Eccleston,Viviana,F,Viviana Eccleston,983-132-8740,English,,
5728,3,Armin,Olympia,F,Olympia Armin,809-345-7698,English,,
4,5,Tregidga,Brennen,M,Brennen Tregidga,570-484-0450,English,,
309,1,Beadles,Chiarra,F,Chiarra Beadles,511-849-2328,English,,
2030,5,Shephard,Jeniece,F,Jeniece Shephard,121-835-9707,English,,
1,5,Rawdales,Adrianne,F,Adrianne Rawdales,206-944-7413,English,,
395,3,Della,Stephine,F,Stephine Della,592-288-3476,English,,
2089,5,Boles,Kirby,M,Kirby Boles,943-408-8452,English,,
682,1,Didsbury,Ludvig,M,Ludvig Didsbury,587-100-5491,English,,
5,0,Waber,Dulcinea,F,Dulcinea Waber,345-951-6873,English,,
8,5,Fordyce,Finley,M,Finley Fordyce,272-810-2919,English,,
7,3,Quare,Adelaide,F,Adelaide Quare,652-854-8357,English,,
8,1,Ben-Aharon,Gregorius,M,Gregorius Ben-Aharon,622-120-7560,English,,
0,5,Vedeneev,Hadley,M,Hadley Vedeneev,446-501-3015,English,,
99925,0,Dobel,Hyacinth,F,Hyacinth Dobel,765-586-4108,English,,
82,3,Sugg,Earl,M,Earl Sugg,976-574-2574,English,,
62457,0,Berndt,Janeczka,F,Janeczka Berndt,424-749-8699,English,,
237,3,Kits,Jude,M,Jude Kits,315-987-6274,English,,
76,3,Pandie,Ilyse,F,Ilyse Pandie,174-476-7101,English,,
0,0,Divill,Lilia,F,Lilia Divill,206-981-0279,English,,
55,0,Polk,Pearline,F,Pearline Polk,387-475-4760,English,,
1,0,Camlin,Lissie,F,Lissie Camlin,641-884-9065,English,,
245,3,Schinetti,Fina,F,Fina Schinetti,446-102-3225,English,,
12384,1,Derks,Geneva,F,Geneva Derks,659-924-6422,English,,
48705,1,Fealey,Mahmoud,M,Mahmoud Fealey,369-824-7729,English,,
0,5,Elphinstone,Candie,F,Candie Elphinstone,847-205-5102,English,,
51,1,Broughton,Shell,F,Shell Broughton,531-966-5611,English,,
18,1,Bartoshevich,Travis,M,Travis Bartoshevich,407-415-5545,English,,
14392,5,Portis,Darcy,M,Darcy Portis,858-773-0531,English,,
354,5,Cappleman,Goldarina,F,Goldarina Cappleman,174-577-1106,English,,
5,0,Shevell,Toiboid,M,Toiboid Shevell,655-332-6164,English,,
3961,3,De Bruijn,Melly,F,Melly De Bruijn,280-422-1799,English,,
4,5,Anthiftle,Jefferey,M,Jefferey Anthiftle,902-249-7916,English,,
788,0,Pache,Mischa,M,Mischa Pache,396-340-6254,English,,
4,0,Janman,Matt,M,Matt Janman,679-958-8156,English,,
78149,5,Ilyasov,Ardra,F,Ardra Ilyasov,111-210-8943,English,,
3,3,Trow,Dodi,F,Dodi Trow,156-404-9041,English,,
4,0,Shyres,Barbra,F,Barbra Shyres,289-330-1406,English,,
931,3,Gilyott,Zed,M,Zed Gilyott,249-393-1866,English,,
619,1,Dobbyn,Verine,F,Verine Dobbyn,877-871-4138,English,,
0,5,Higgoe,Florrie,F,Florrie Higgoe,854-806-2632,English,,
0,5,Carlozzi,Nancy,F,Nancy Carlozzi,450-185-0428,English,,
85326,5,Jeeks,Malchy,M,Malchy Jeeks,510-293-2531,English,,
40226,0,Matej,Scottie,M,Scottie Matej,764-219-3181,English,,
3,3,Creamen,Matthew,M,Matthew Creamen,128-638-3709,English,,
1,3,Itzkowicz,Augustin,M,Augustin Itzkowicz,106-546-2724,English,,
52399,1,Piercy,Arron,M,Arron Piercy,530-642-1542,English,,
973,0,Goering,Britte,F,Britte Goering,814-164-1681,English,,
8,1,Lenihan,Kerrie,F,Kerrie Lenihan,556-994-1758,English,,
1029,3,Condy,Abel,M,Abel Condy,859-996-0497,English,,
8301,0,Davage,Eugenia,F,Eugenia Davage,853-135-1243,English,,
2911,3,O' Kelleher,Seumas,M,Seumas O' Kelleher,514-822-6785,English,,
329,5,Tremonte,Wolfgang,M,Wolfgang Tremonte,191-821-6510,English,,
88729,3,Boyat,Tish,F,Tish Boyat,325-673-8561,English,,
640,0,Boman,Mitch,M,Mitch Boman,567-414-0694,English,,
1732,3,Croysdale,Tory,F,Tory Croysdale,570-145-8809,English,,
83708,5,Snellman,Catriona,F,Catriona Snellman,781-275-9954,English,,
9884,1,Livesay,Anneliese,F,Anneliese Livesay,686-881-5294,English,,
9,5,Lant,Elisabetta,F,Elisabetta Lant,105-418-5953,English,,
83,1,Kirsch,Allistir,M,Allistir Kirsch,308-662-3642,English,,
2347,0,Leyre,Wiley,M,Wiley Leyre,414-378-5513,English,,
3974,3,Georgeot,Helene,F,Helene Georgeot,174-932-1028,English,,
70,3,Berardt,Arte,M,Arte Berardt,315-622-2336,English,,
77,1,Annesley,Rabi,M,Rabi Annesley,114-551-5812,English,,
239,5,Bridel,Devin,F,Devin Bridel,621-364-4056,English,,
64960,0,Jaime,Giorgio,M,Giorgio Jaime,602-696-5690,English,,
79,1,Tebbit,Shae,M,Shae Tebbit,163-638-4377,English,,
94,0,Fulbrook,Candida,F,Candida Fulbrook,850-560-9989,English,,
0,0,Camps,Kalle,M,Kalle Camps,562-398-3053,English,,
745,1,Feldmus,Elston,M,Elston Feldmus,688-626-7770,English,,
329,1,Reede,Terrye,F,Terrye Reede,703-546-6361,English,,
6366,5,Briddock,Eb,M,Eb Briddock,846-807-3089,English,,
8668,5,Beachem,Ellette,F,Ellette Beachem,890-880-6981,English,,
2,5,Bediss,Derrek,M,Derrek Bediss,632-147-2768,English,,
78,0,Gundrey,Vinni,F,Vinni Gundrey,560-912-0661,English,,
80,0,Childs,El,M,El Childs,714-467-5790,English,,
731,3,Haddeston,Mitchel,M,Mitchel Haddeston,482-215-3283,English,,
5546,3,Maling,Delcina,F,Delcina Maling,401-969-1565,English,,
5,3,Marven,Mireille,F,Mireille Marven,316-430-1874,English,,
9,0,Euston,Jayne,F,Jayne Euston,206-725-9914,English,,
9296,1,Easey,Marcelline,F,Marcelline Easey,534-887-2403,English,,
28779,5,Kopta,Tracey,M,Tracey Kopta,234-986-4605,English,,
833,3,Lots,Gabbie,M,Gabbie Lots,886-478-0927,English,,
6844,0,Seine,Silvanus,M,Silvanus Seine,494-198-4693,English,,
14,3,Jerromes,Giustina,F,Giustina Jerromes,515-108-6244,English,,
117,5,Leneve,Natassia,F,Natassia Leneve,709-747-9543,English,,
86,0,Lempertz,Brana,F,Brana Lempertz,997-537-0089,English,,
95,5,Wolfendale,Siouxie,F,Siouxie Wolfendale,508-693-4948,English,,
2,5,Sutcliffe,Remus,M,Remus Sutcliffe,775-431-4864,English,,
5,0,Rattenberie,Camey,M,Camey Rattenberie,955-745-9670,English,,
9,0,Sudron,Nalani,F,Nalani Sudron,846-468-5668,English,,
84199,3,Kinnier,Harp,M,Harp Kinnier,468-510-6585,English,,
600,5,Galiero,Ruperta,F,Ruperta Galiero,437-849-2662,English,,
633,1,Blunsom,Che,M,Che Blunsom,443-357-6959,English,,
1,3,Hilley,Yetta,F,Yetta Hilley,704-797-3587,English,,
526,5,Avramovsky,Annabelle,F,Annabelle Avramovsky,593-147-9816,English,,
2600,0,Offield,Devland,M,Devland Offield,953-703-3623,English,,
4573,1,Sumner,Bernice,F,Bernice Sumner,459-983-8423,English,,
1726,1,Speak,Ferdinande,F,Ferdinande Speak,706-302-7989,English,,
49488,0,Eslinger,Niall,M,Niall Eslinger,599-218-0468,English,,
116,1,Hayesman,Red,M,Red Hayesman,186-825-6754,English,,
9206,1,David,Culver,M,Culver David,257-168-2484,English,,
50309,1,Pettingall,Lefty,M,Lefty Pettingall,190-579-5507,English,,
1,0,Sheirlaw,Kleon,M,Kleon Sheirlaw,764-185-7160,English,,
123,5,Candish,Lila,F,Lila Candish,753-845-8807,English,,
365,5,Moden,Rowen,M,Rowen Moden,941-249-8212,English,,
8,1,Janczak,Ty,M,Ty Janczak,982-509-6375,English,,
57,0,Dabner,Lay,M,Lay Dabner,437-640-5890,English,,
80,3,Heed,Padriac,M,Padriac Heed,466-415-5438,English,,
4,3,Cotmore,Olivia,F,Olivia Cotmore,883-269-2032,English,,
620,0,Bohlin,Regina,F,Regina Bohlin,351-468-4017,English,,
8,1,Cornish,Ermengarde,F,Ermengarde Cornish,959-753-5145,English,,
99,5,Hugonet,Kyrstin,F,Kyrstin Hugonet,129-805-7839,English,,
307,3,O'Keevan,Sharl,F,Sharl O'Keevan,258-103-4552,English,,
18,3,Giannassi,Iorgos,M,Iorgos Giannassi,213-701-9796,English,,
45,5,Gwynne,Laure,F,Laure Gwynne,612-106-8203,English,,
60759,1,Hanshaw,Tome,M,Tome Hanshaw,661-955-1738,English,,
77,0,Dobbyn,Petr,M,Petr Dobbyn,143-203-0947,English,,
2447,0,Gander,Minne,F,Minne Gander,733-759-1041,English,,
6753,5,Jeckells,Don,M,Don Jeckells,296-220-8161,English,,
6,5,Brisset,Janek,M,Janek Brisset,540-154-9587,English,,
42,0,Ingon,Merwin,M,Merwin Ingon,556-387-4183,English,,
6282,5,McArdell,Caty,F,Caty McArdell,370-160-6918,English,,
72698,3,Pepon,Chaim,M,Chaim Pepon,392-378-8482,English,,
60487,5,Gauge,Lisha,F,Lisha Gauge,112-971-5669,English,,
59136,5,Brundale,Brad,M,Brad Brundale,699-302-0818,English,,
939,0,Heaney,Georgena,F,Georgena Heaney,865-786-4928,English,,
994,3,Antrim,Rodolfo,M,Rodolfo Antrim,659-878-8329,English,,
9,5,Veryan,Jessa,F,Jessa Veryan,806-761-0835,English,,
67568,5,Andreassen,Sydelle,F,Sydelle Andreassen,492-746-9634,English,,
51,1,Kurtis,Chloris,F,Chloris Kurtis,968-770-6531,English,,
43794,1,Warland,Warner,M,Warner Warland,268-798-2622,English,,
336,3,Cruickshank,Rose,F,Rose Cruickshank,827-111-6730,English,,
5,1,Telling,Janeva,F,Janeva Telling,804-640-5611,English,,
860,5,Becket,Goldina,F,Goldina Becket,595-542-8254,English,,
4393,1,Allatt,Kingsly,M,Kingsly Allatt,523-804-4593,English,,
6,5,Giacobillo,Guglielma,F,Guglielma Giacobillo,799-580-1935,English,,
8,5,Scandroot,Nil,M,Nil Scandroot,610-569-3408,English,,
6,1,Penhaleurack,Shirlene,F,Shirlene Penhaleurack,287-435-1580,English,,
3693,3,Whitewood,Myranda,F,Myranda Whitewood,199-233-9924,English,,
344,3,Croisdall,Nollie,F,Nollie Croisdall,991-792-7201,English,,
121,0,Yakovl,Rustin,M,Rustin Yakovl,631-741-3975,English,,
8972,5,Eakle,Carmelia,F,Carmelia Eakle,960-571-2011,English,,
534,0,Bamber,Walker,M,Walker Bamber,105-880-0398,English,,
0,5,Golton,Alexandre,M,Alexandre Golton,225-632-7659,English,,
49,3,Sheering,Gaven,M,Gaven Sheering,830-654-2838,English,,
70845,0,Chirm,Wang,M,Wang Chirm,672-280-9585,English,,
3668,5,Pattison,Karim,M,Karim Pattison,558-364-2242,English,,
8858,5,Nesbit,Adelaide,F,Adelaide Nesbit,511-290-1925,English,,
28,0,Bassick,Ralph,M,Ralph Bassick,527-956-7871,English,,
48,5,Matteucci,Wini,F,Wini Matteucci,271-273-4045,English,,
84966,0,Pidwell,Claudell,M,Claudell Pidwell,619-923-3109,English,,
77,3,Pittet,Dom,M,Dom Pittet,882-333-3501,English,,
89,5,Lubbock,Laurie,M,Laurie Lubbock,944-318-1615,English,,
253,0,Flowerdew,Sampson,M,Sampson Flowerdew,213-595-4093,English,,
8,3,Pirkis,Sherwood,M,Sherwood Pirkis,859-513-6604,English,,
2839,0,Seabon,Marielle,F,Marielle Seabon,315-151-4647,English,,
1772,1,Ricardou,Murvyn,M,Murvyn Ricardou,176-495-7194,English,,
19,1,Matias,Aluino,M,Aluino Matias,127-655-7129,English,,
20,3,Blenkinship,Jyoti,F,Jyoti Blenkinship,131-331-6599,English,,
62,3,Streater,Wiley,M,Wiley Streater,295-103-4724,English,,
0,3,Ivancevic,Christie,M,Christie Ivancevic,974-179-9826,English,,
87273,3,Havoc,Cyndy,F,Cyndy Havoc,792-289-5019,English,,
0,3,Lilly,Davide,M,Davide Lilly,119-560-0674,English,,
29,5,Attree,Dannie,F,Dannie Attree,993-680-1840,English,,
68,0,Leber,Mohandas,M,Mohandas Leber,805-835-5078,English,,
4032,0,MacAiline,Cleveland,M,Cleveland MacAiline,200-146-4903,English,,
6242,3,Smyley,Cobbie,M,Cobbie Smyley,438-690-0968,English,,
63,3,Nardi,Bayard,M,Bayard Nardi,252-897-2050,English,,
119,3,Burrell,Helen,F,Helen Burrell,242-982-9765,English,,
4116,5,Brasier,Germain,M,Germain Brasier,637-433-8690,English,,
38144,0,Chaulk,Jackson,M,Jackson Chaulk,261-868-3996,English,,
6,1,Mardall,Chuck,M,Chuck Mardall,685-891-9159,English,,
496,1,Boughton,Kirstyn,F,Kirstyn Boughton,163-937-4912,English,,
0,5,Denyukhin,Candie,F,Candie Denyukhin,801-654-9213,English,,
5298,0,Banham,Stefanie,F,Stefanie Banham,838-308-2177,English,,
72,0,Blakeley,Marthena,F,Marthena Blakeley,335-461-9495,English,,
13,0,Hitscher,Marne,F,Marne Hitscher,713-266-9003,English,,
3,5,Spincke,Maddie,M,Maddie Spincke,243-929-9503,English,,
669,5,Pleming,Marta,F,Marta Pleming,395-974-9011,English,,
94,0,Cacacie,Niki,M,Niki Cacacie,165-413-9353,English,,
98,3,Pasque,Ceil,F,Ceil Pasque,449-175-0526,English,,
866,1,Beglin,Wolfy,M,Wolfy Beglin,185-888-5116,English,,
9910,3,Pauls,Seward,M,Seward Pauls,978-975-8515,English,,
42,3,Lownds,Chad,F,Chad Lownds,782-902-7732,English,,
27808,5,Nelane,Jemimah,F,Jemimah Nelane,149-789-0337,English,,
65490,1,Hast,Hansiain,M,Hansiain Hast,283-614-1858,English,,
1,0,Buston,Hillel,M,Hillel Buston,663-325-8790,English,,
65544,1,Hullyer,Shea,M,Shea Hullyer,153-958-4702,English,,
46790,3,Drinnan,Rubetta,F,Rubetta Drinnan,776-382-7281,English,,
8580,3,Heindrick,Courtnay,M,Courtnay Heindrick,217-958-0996,English,,
546,1,Lammertz,Bryna,F,Bryna Lammertz,891-830-8873,English,,
6,5,Gosenell,Berky,M,Berky Gosenell,886-262-4544,English,,
18,1,Shane,Brett,M,Brett Shane,227-879-0108,English,,
8244,1,Madner,Hillyer,M,Hillyer Madner,861-816-0644,English,,
47,0,Murch,Kristian,M,Kristian Murch,303-341-8167,English,,
779,1,Winterscale,Alina,F,Alina Winterscale,727-104-9427,English,,
55282,1,Petracchi,Thelma,F,Thelma Petracchi,425-427-0801,English,,
4,3,Weld,Tadd,M,Tadd Weld,504-265-3025,English,,
37302,1,Smillie,Hashim,M,Hashim Smillie,452-823-8028,English,,
5,5,Adrien,Kirsteni,F,Kirsteni Adrien,398-220-9417,English,,
31,3,Gandley,Dani,M,Dani Gandley,536-763-1500,English,,
7718,3,Strelitz,Filip,M,Filip Strelitz,894-350-6916,English,,
10,3,Chaffey,Gerry,M,Gerry Chaffey,153-173-0399,English,,
6029,0,Saphir,Brandyn,M,Brandyn Saphir,674-951-2097,English,,
3886,0,Dionsetto,Filide,F,Filide Dionsetto,921-834-6122,English,,
6,5,Ariss,Yancy,M,Yancy Ariss,735-111-2259,English,,
70,3,Kemetz,Maris,F,Maris Kemetz,394-341-8418,English,,
9792,5,Nawton,Price,M,Price Nawton,452-990-5841,English,,
9101,5,Trace,Margi,F,Margi Trace,714-420-4758,English,,
9,5,Keatley,Hurlee,M,Hurlee Keatley,256-945-5295,English,,
32090,0,Cars,Matthiew,M,Matthiew Cars,557-406-7403,English,,
12,5,Towhey,Mylo,M,Mylo Towhey,482-862-2179,English,,
70,3,Knobell,Saul,M,Saul Knobell,882-694-0934,English,,
16004,5,Heeps,Jan,M,Jan Heeps,755-275-5567,English,,
626,1,Derry,Vonni,F,Vonni Derry,222-670-7521,English,,
3,5,Petyakov,Berkly,M,Berkly Petyakov,892-697-2646,English,,
37,1,Gibbe,Dolorita,F,Dolorita Gibbe,256-480-8738,English,,
68,3,Shout,Dorian,F,Dorian Shout,312-900-5077,English,,
6371,5,Glazzard,Leann,F,Leann Glazzard,527-266-5080,English,,
9654,0,Fransoni,Stoddard,F,Stoddard Fransoni,133-759-1186,English,,
59,1,Huitson,Cally,F,Cally Huitson,593-136-4570,English,,
6857,1,Catherine,Stephen,M,Stephen Catherine,360-378-4293,English,,
30,3,Pyburn,Barry,F,Barry Pyburn,483-639-5934,English,,
2,5,Ratnege,Felizio,M,Felizio Ratnege,605-238-4439,English,,
440,3,Atkinson,Talbot,M,Talbot Atkinson,931-573-7867,English,,
398,0,Pennuzzi,Chase,M,Chase Pennuzzi,710-428-0192,English,,
8038,5,Greenly,Claudia,F,Claudia Greenly,840-190-1577,English,,
3,0,Harlow,Fraser,M,Fraser Harlow,446-314-9856,English,,
3969,5,Cheshir,Patten,M,Patten Cheshir,661-730-8912,English,,
550,0,Hoggin,Franklyn,M,Franklyn Hoggin,950-245-8502,English,,
2380,0,Pennington,Garrek,M,Garrek Pennington,822-479-2871,English,,
441,0,Daniels,Michele,F,Michele Daniels,784-405-5462,English,,
776,0,Pooly,Chrissy,F,Chrissy Pooly,315-542-3923,English,,
3,5,Dever,Franky,M,Franky Dever,620-845-9933,English,,
8076,0,Maccaddie,Janifer,F,Janifer Maccaddie,460-704-9211,English,,
4,1,Pitson,Emmie,F,Emmie Pitson,774-680-4053,English,,
9095,0,Christaeas,Ernst,M,Ernst Christaeas,697-704-9331,English,,
7,5,Garforth,Caitrin,F,Caitrin Garforth,408-362-5098,English,,
8,3,Tiron,Davita,F,Davita Tiron,420-974-9435,English,,
3770,3,Dennison,Haley,M,Haley Dennison,756-257-8178,English,,
60,3,Wadhams,Marice,F,Marice Wadhams,213-836-4490,English,,
735,0,Waddup,Mill,M,Mill Waddup,739-140-3983,English,,
37007,0,Bettridge,Torrin,M,Torrin Bettridge,128-356-3365,English,,
71,1,Simison,Sabina,F,Sabina Simison,823-351-9326,English,,
624,3,Couve,Tris,M,Tris Couve,576-967-3784,English,,
24,1,Trundell,Emelda,F,Emelda Trundell,544-360-1943,English,,
20250,0,Steel,Adrianna,F,Adrianna Steel,479-566-2247,English,,
826,3,Rathmell,Kattie,F,Kattie Rathmell,952-248-3576,English,,
3,1,Prendeville,Agustin,M,Agustin Prendeville,535-835-9746,English,,
42295,3,Beadman,Hadrian,M,Hadrian Beadman,606-638-5386,English,,
5,5,Mannie,Jacki,F,Jacki Mannie,986-926-9789,English,,
812,1,Mangenot,Irvine,M,Irvine Mangenot,521-475-0999,English,,
9,5,Wiseman,Wesley,M,Wesley Wiseman,461-882-6651,English,,
81,1,Labb,Muhammad,M,Muhammad Labb,787-804-0683,English,,
6,3,Forte,Emlynn,F,Emlynn Forte,137-831-6527,English,,
8,5,Lackie,Renie,F,Renie Lackie,303-630-2520,English,,
99346,5,Brabban,Stavros,M,Stavros Brabban,576-190-9422,English,,
63,3,Coal,Devina,F,Devina Coal,838-401-7627,English,,
21353,5,Aldhous,Hanan,M,Hanan Aldhous,109-931-6900,English,,
485,3,Klimkowski,Bibi,F,Bibi Klimkowski,256-298-6755,English,,
18424,0,Born,Xenos,M,Xenos Born,826-504-3694,English,,
54,1,Radoux,Bram,M,Bram Radoux,948-407-6269,English,,
8403,3,Van Ross,Susann,F,Susann Van Ross,891-865-7051,English,,
68657,3,Poncet,Nara,F,Nara Poncet,838-376-9449,English,,
6866,3,Willas,Carlee,F,Carlee Willas,849-877-2157,English,,
527,0,Matuschek,Niel,M,Niel Matuschek,987-221-5768,English,,
21434,1,Myrick,Rogers,M,Rogers Myrick,709-817-4084,English,,
81410,1,Beckitt,Colly,F,Colly Beckitt,339-234-5564,English,,
3769,3,Paffley,Craig,M,Craig Paffley,893-218-5966,English,,
69156,3,Jobling,Idette,F,Idette Jobling,597-267-2938,English,,
75,5,Sellick,Maressa,F,Maressa Sellick,195-942-1813,English,,
2,5,Perry,Constanta,F,Constanta Perry,570-389-2992,English,,
61,5,Ales,Paten,M,Paten Ales,588-460-0251,English,,
81221,1,Kharchinski,Morten,M,Morten Kharchinski,499-642-9681,English,,
24698,1,Vidgen,Tuckie,M,Tuckie Vidgen,684-974-4594,English,,
85014,5,Aldam,Morse,M,Morse Aldam,137-596-0489,English,,
31,5,Lightman,Willy,F,Willy Lightman,158-806-5747,English,,
34,5,Fortye,Killie,M,Killie Fortye,104-290-8406,English,,
8,0,Fautley,Oberon,M,Oberon Fautley,592-182-0537,English,,
3108,1,Eloy,Mignonne,F,Mignonne Eloy,560-611-0075,English,,
0,0,MacCosto,Amby,M,Amby MacCosto,757-122-3071,English,,
5,0,Hockey,Ailey,F,Ailey Hockey,534-801-2424,English,,
6,0,Vida,Benny,F,Benny Vida,811-692-5800,English,,
77,3,Judson,Emlyn,M,Emlyn Judson,133-335-3384,English,,
544,0,Bennen,Bruce,M,Bruce Bennen,650-541-6891,English,,
8,5,Dy,Daffi,F,Daffi Dy,977-584-6049,English,,
6,1,Jandel,Serge,M,Serge Jandel,857-954-8972,English,,
3441,3,Vivers,Joel,M,Joel Vivers,726-953-9970,English,,
6,5,Beville,Edith,F,Edith Beville,659-269-2259,English,,
7,3,Shapiro,Agatha,F,Agatha Shapiro,522-268-5314,English,,
50126,0,Laffoley-Lane,Chane,M,Chane Laffoley-Lane,648-328-7221,English,,
34,5,Nudds,Celestia,F,Celestia Nudds,972-931-4735,English,,
27,1,Blomefield,Chic,M,Chic Blomefield,151-328-0714,English,,
74,0,Jenking,Daniel,M,Daniel Jenking,163-914-9933,English,,
715,0,Pelz,Karia,F,Karia Pelz,184-918-0909,English,,
50422,1,Bollans,Pernell,M,Pernell Bollans,465-802-7245,English,,
7573,5,Vollam,Pietra,F,Pietra Vollam,775-751-2314,English,,
2676,1,de Courcey,Cayla,F,Cayla de Courcey,662-961-1802,English,,
80934,5,Oland,Bendick,M,Bendick Oland,156-235-9596,English,,
3274,3,McKirdy,Geneva,F,Geneva McKirdy,338-575-6736,English,,
57509,5,Berston,Donny,F,Donny Berston,949-233-1096,English,,
7,3,Covil,Dulci,F,Dulci Covil,321-473-1545,English,,
54951,0,Unstead,Torey,M,Torey Unstead,359-279-8218,English,,
5,0,Kilroy,Alexei,M,Alexei Kilroy,159-559-5721,English,,
306,3,Hulls,Tandy,F,Tandy Hulls,853-234-3673,English,,
53,1,Botger,Burlie,M,Burlie Botger,155-958-5867,English,,
60422,0,Suffe,Cherice,F,Cherice Suffe,595-371-3447,English,,
3939,5,Younge,Jordon,M,Jordon Younge,715-514-8706,English,,
1506,5,Todd,Filberto,M,Filberto Todd,989-631-4352,English,,
1,5,Tanswell,Nollie,F,Nollie Tanswell,402-619-0497,English,,
2158,1,Cloney,Dino,M,Dino Cloney,205-902-1917,English,,
77,0,Yegorev,Frieda,F,Frieda Yegorev,374-938-6514,English,,
9,0,Togher,Sheryl,F,Sheryl Togher,966-453-4862,English,,
10,1,Golagley,Ariela,F,Ariela Golagley,638-509-3323,English,,
396,0,Sperring,Gideon,M,Gideon Sperring,460-953-1065,English,,
63,5,O'Flaherty,Trix,F,Trix O'Flaherty,569-590-6728,English,,
6,0,Scad,Lanita,F,Lanita Scad,778-723-6666,English,,
963,5,Maxwaile,Cory,F,Cory Maxwaile,151-584-4686,English,,
7,5,Whitchurch,Sib,F,Sib Whitchurch,455-484-1990,English,,
4007,1,Sargint,Tirrell,M,Tirrell Sargint,859-987-8266,English,,
595,1,Odhams,Ansell,M,Ansell Odhams,126-216-2414,English,,
14,3,Purcell,Eugen,M,Eugen Purcell,386-885-4473,English,,
80,5,Trayes,Lorna,F,Lorna Trayes,504-400-6959,English,,
727,5,Iffe,Clemmy,M,Clemmy Iffe,350-860-2294,English,,
11,3,Reck,Gates,F,Gates Reck,217-739-4946,English,,
867,0,Dooman,Auberon,M,Auberon Dooman,701-904-3300,English,,
4,1,Keating,Ebenezer,M,Ebenezer Keating,634-302-7909,English,,
1466,0,Mackriell,Munroe,M,Munroe Mackriell,638-983-7112,English,,
170,0,Ellsom,Lambert,M,Lambert Ellsom,167-859-0857,English,,
7084,1,Chittenden,Celka,F,Celka Chittenden,713-563-8460,English,,
65837,1,Latter,Francesco,M,Francesco Latter,674-464-0485,English,,
4,1,Glave,Kaela,F,Kaela Glave,390-517-7281,English,,
8868,5,Debill,Franciska,F,Franciska Debill,499-906-6090,English,,
47,5,Golledge,Malvina,F,Malvina Golledge,665-214-6603,English,,
679,5,Franzke,Ferd,M,Ferd Franzke,253-401-4575,English,,
43,5,Creffield,Cassandry,F,Cassandry Creffield,865-302-5297,English,,
9,5,Polglase,Allison,F,Allison Polglase,293-358-0570,English,,
89060,1,Bauman,Rice,M,Rice Bauman,317-432-1810,English,,
67612,1,Brobeck,Rolf,M,Rolf Brobeck,452-467-1745,English,,
508,5,Marrion,Cchaddie,M,Cchaddie Marrion,559-941-2286,English,,
58624,0,Breyt,Timothea,F,Timothea Breyt,292-453-7663,English,,
22,0,Walden,Arch,M,Arch Walden,147-584-0425,English,,
978,1,Flaunier,Atlanta,F,Atlanta Flaunier,590-397-3135,English,,
6128,0,Beaushaw,Cacilie,F,Cacilie Beaushaw,671-160-5688,English,,
8370,0,Tingey,Devonne,F,Devonne Tingey,149-841-3597,English,,
32,0,Phythien,Tedda,F,Tedda Phythien,369-712-2002,English,,
7,3,Smyth,Bria,F,Bria Smyth,368-782-8267,English,,
8718,0,Dawton,Pammie,F,Pammie Dawton,207-746-3188,English,,
61,0,Le Fevre,Kirby,F,Kirby Le Fevre,251-679-2303,English,,
8854,5,von Hagt,Jesselyn,F,Jesselyn von Hagt,536-398-1461,English,,
27909,0,Gilkes,Kacie,F,Kacie Gilkes,373-387-9301,English,,
325,5,Leward,Cecilio,M,Cecilio Leward,310-883-5219,English,,
59139,3,Fullbrook,Filippa,F,Filippa Fullbrook,314-203-9380,English,,
43,0,Padillo,Vaclav,M,Vaclav Padillo,441-508-3121,English,,
77,0,Girodin,Art,M,Art Girodin,455-592-9842,English,,
25,5,Grishanin,Marcy,F,Marcy Grishanin,453-138-3847,English,,
6,5,Dreghorn,Cindi,F,Cindi Dreghorn,123-652-0090,English,,
88764,1,Cruft,Rowland,M,Rowland Cruft,585-293-5149,English,,
666,5,Rymill,Ainsley,F,Ainsley Rymill,311-137-8142,English,,
30419,1,Brenstuhl,May,F,May Brenstuhl,272-262-8127,English,,
807,0,De Paepe,Davidde,M,Davidde De Paepe,259-332-5626,English,,
33,1,Parades,Conroy,M,Conroy Parades,366-886-3912,English,,
5,5,Wildman,Elbertina,F,Elbertina Wildman,429-781-6051,English,,
98173,0,Basire,Meredith,F,Meredith Basire,686-990-8602,English,,
7,1,Bosley,Anatollo,M,Anatollo Bosley,665-259-5835,English,,
9,3,Derye-Barrett,Francois,M,Francois Derye-Barrett,341-901-9268,English,,
9026,3,Berns,Hayward,M,Hayward Berns,126-663-0819,English,,
5811,1,Kainz,Richy,M,Richy Kainz,942-397-4489,English,,
36267,3,Berceros,Mano,M,Mano Berceros,684-375-0906,English,,
16164,3,Lodder,Dickie,M,Dickie Lodder,438-989-1753,English,,
32486,0,Larmour,Gabi,M,Gabi Larmour,564-490-5690,English,,
51,5,Sandeland,Iona,F,Iona Sandeland,809-845-1146,English,,
455,3,Filoniere,Vassily,M,Vassily Filoniere,338-591-5958,English,,
2518,5,Filippone,Chancey,M,Chancey Filippone,708-992-3514,English,,
3,5,Shapiro,Joy,F,Joy Shapiro,960-165-6484,English,,
54590,1,Othen,Sephira,F,Sephira Othen,705-512-9086,English,,
917,1,Flye,Delilah,F,Delilah Flye,425-379-1613,English,,
76,5,Bogie,Dahlia,F,Dahlia Bogie,180-467-7334,English,,
29550,3,Tomini,Wynn,M,Wynn Tomini,781-858-7102,English,,
9720,0,Southerill,Jude,M,Jude Southerill,928-275-1676,English,,
41269,5,Cosford,Port,M,Port Cosford,463-614-1574,English,,
654,1,Willshire,Wendy,F,Wendy Willshire,761-581-3197,English,,
8393,3,Aubrey,Garrot,M,Garrot Aubrey,570-575-0611,English,,
5,5,Dauby,Ignacius,M,Ignacius Dauby,115-995-5351,English,,
1,0,Worling,Calla,F,Calla Worling,739-779-2390,English,,
79,1,Beccero,Annabal,F,Annabal Beccero,716-416-2065,English,,
8,3,Glide,Malory,F,Malory Glide,768-938-2017,English,,
28,5,Ridsdole,Sela,F,Sela Ridsdole,729-459-6066,English,,
2887,0,Ryott,Clair,M,Clair Ryott,533-207-4812,English,,
804,1,Earingey,Linc,M,Linc Earingey,694-361-3251,English,,
66,0,Dives,Maurene,F,Maurene Dives,699-810-8562,English,,
54032,0,Birchenough,Donavon,M,Donavon Birchenough,880-879-3790,English,,
950,5,Matschke,Yorke,M,Yorke Matschke,683-803-0241,English,,
8547,1,Venney,Tony,M,Tony Venney,936-715-6825,English,,
9,1,Myring,Rayshell,F,Rayshell Myring,540-617-8186,English,,
5901,5,Gives,Almeda,F,Almeda Gives,624-598-1709,English,,
7903,3,Anfossi,Redford,M,Redford Anfossi,832-381-3320,English,,
34,0,Assinder,Amabel,F,Amabel Assinder,207-195-8488,English,,
60,3,Anthoin,Murray,M,Murray Anthoin,580-251-6019,English,,
6701,5,Beetham,Rolland,M,Rolland Beetham,619-492-0121,English,,
27,0,Matson,Rachael,F,Rachael Matson,656-638-6237,English,,
813,1,Kybert,Myrtice,F,Myrtice Kybert,492-149-1772,English,,
7,3,Pampling,Nessy,F,Nessy Pampling,843-933-5811,English,,
4,0,Sopper,Tanhya,F,Tanhya Sopper,757-317-2007,English,,
144,5,Iowarch,Darcie,F,Darcie Iowarch,453-697-4133,English,,
7,5,Braunle,Oberon,M,Oberon Braunle,372-522-5025,English,,
8,0,Gyppes,Wadsworth,M,Wadsworth Gyppes,599-870-9474,English,,
51431,0,Debold,Arly,F,Arly Debold,691-829-3796,English,,
7304,5,Quarles,Wenona,F,Wenona Quarles,880-822-7840,English,,
26733,1,Giannazzo,Shelden,M,Shelden Giannazzo,178-862-4251,English,,
51926,1,Reichhardt,Bianca,F,Bianca Reichhardt,848-747-0081,English,,
76,0,Davidovic,Basilius,M,Basilius Davidovic,419-173-2499,English,,
6635,3,Whiscard,Salomo,M,Salomo Whiscard,213-327-0363,English,,
4844,1,Leahy,Desirae,F,Desirae Leahy,339-274-0592,English,,
5542,3,Whitmore,Vanni,F,Vanni Whitmore,353-498-1913,English,,
259,3,Newman,Rob,F,Lexy Kalkhoven,841-763-6063,Mandarin,ELD,
5,0,John,Denise,F,Roseann Mawditt,784-258-9189,Italian,ELD,
259,3,Dung,Holmer,F,Lexy Kalkhoven,841-763-6063,Mandarin,ELD,
5,0,Bufer,Ashley,F,Roseann Mawditt,784-258-9189,Italian,ELD,
5,0,Foo,Bar,F,Roseann Mawditt,784-258-9189,Italian,ELD,